"","p_val","avg_log2FC","pct.1","pct.2","p_val_adj","Cluster"
"ALOX15...1",0,-3.11598518599914,0.575,0.947,0,"Proliferating Basal"
"ELOVL5...2",4.84708821863111e-148,-1.87315595460423,0.12,0.502,1.15254063662611e-143,"Proliferating Basal"
"AKR1C3...3",1.11167357664136e-121,2.64154183969301,0.545,0.237,2.64333743053783e-117,"Proliferating Basal"
"SLC27A2...4",5.60658768999988e-64,-0.959624894577137,0.217,0.485,1.33313442092817e-59,"Proliferating Basal"
"ACSL3...5",1.39931689519157e-46,-0.475744232431564,0.246,0.495,3.32729571338651e-42,"Proliferating Basal"
"ABCC1...6",2.17621518125083e-45,-1.54874105292434,0.042,0.179,5.17460445797823e-41,"Proliferating Basal"
"MGST3...7",6.39669428889383e-45,1.06576819698795,0.664,0.659,1.52100596801318e-40,"Proliferating Basal"
"ACSL4...8",3.26589725069874e-33,-0.965234296748332,0.11,0.262,7.76565048271148e-29,"Proliferating Basal"
"AGPAT5...9",2.54849721269882e-31,-1.00712337230847,0.072,0.199,6.05981667235525e-27,"Proliferating Basal"
"GPX2...10",4.09985005005517e-31,-0.425510018736915,0.416,0.636,9.74862344902118e-27,"Proliferating Basal"
"MAPKAPK2...11",2.95470231646348e-26,-0.84304822668962,0.082,0.202,7.02569116808687e-22,"Proliferating Basal"
"GPX3...12",3.1032383080439e-23,1.97306499258044,0.141,0.043,7.37888004886679e-19,"Proliferating Basal"
"LTA4H...13",6.45701268313101e-22,-0.364904700861881,0.162,0.305,1.53534847579489e-17,"Proliferating Basal"
"FADS1...14",6.36166018247478e-21,-1.33097024545172,0.032,0.106,1.51267555818885e-16,"Proliferating Basal"
"SOAT1...15",1.55940220157145e-18,-0.525084182632742,0.051,0.133,3.70794655489659e-14,"Proliferating Basal"
"PLA2G16...16",8.73116235579568e-16,1.66250982518155,0.135,0.057,2.0760957849611e-11,"Proliferating Basal"
"LIPE...17",2.1720868937725e-13,-0.956385226520974,0.021,0.068,5.16478821601225e-09,"Proliferating Basal"
"LPCAT2...18",3.31536733264595e-13,-0.368300214731608,0.057,0.126,7.88328044356554e-09,"Proliferating Basal"
"FADS2...19",1.03439107521276e-11,-1.15395979071151,0.012,0.048,2.45957509864089e-07,"Proliferating Basal"
"PTGES...20",1.28601884326628e-11,-0.475232847473038,0.037,0.09,3.05789560551855e-07,"Proliferating Basal"
"PLA2G12A...21",1.94614749838835e-11,0.138427957707763,0.17,0.275,4.62754952166781e-07,"Proliferating Basal"
"CYP2E1...22",3.52626624342681e-11,-2.22422170575501,0.001,0.021,8.38475587362027e-07,"Proliferating Basal"
"LPCAT1...23",8.3876826753478e-11,-0.907139907334785,0.01,0.042,1.9944231865442e-06,"Proliferating Basal"
"ACSL5...24",1.20101169537427e-09,-0.295577491082885,0.062,0.12,2.85576560926095e-05,"Proliferating Basal"
"CYP1B1...25",3.11556189826988e-09,-0.645520626819813,0.011,0.041,7.40818308170611e-05,"Proliferating Basal"
"PTGFR...26",1.08418549507618e-08,2.9301053602132,0.038,0.008,0.000257797627019213,"Proliferating Basal"
"LTC4S...27",2.65278992797715e-08,1.08209139468888,0.227,0.17,0.000630780389074408,"Proliferating Basal"
"PTGER4...28",1.78450753100208e-07,-0.155299998717634,0.05,0.094,0.00424320200721674,"Proliferating Basal"
"PLA2G10...29",1.98429239074894e-07,1.57351960958039,0.112,0.065,0.00471825044672283,"Proliferating Basal"
"ALOX15B...30",7.49781502538748e-07,2.62585376605452,0.027,0.005,0.0178283045673663,"Proliferating Basal"
"ALOX5AP...31",9.67086954808751e-07,-4.65662978138491,0.002,0.015,0.0229953936114425,"Proliferating Basal"
"PAFAH2...32",1.13556650813213e-06,-0.599645474477849,0.026,0.057,0.0270015004303657,"Proliferating Basal"
"ACOT13...33",2.62156373415666e-06,1.00105933648902,0.333,0.31,0.0623355424707771,"Proliferating Basal"
"ACOT7...34",3.60610721072942e-06,-0.219100594797239,0.102,0.156,0.0857460172567242,"Proliferating Basal"
"PTGER2...35",4.91622439611324e-06,-1.75814850120414,0.002,0.013,0.116897983690781,"Proliferating Basal"
"AKR1B1...36",4.92890751302584e-06,1.39808464961636,0.126,0.083,0.117199562844728,"Proliferating Basal"
"PNPLA2...37",2.77992475531167e-05,0.282961661528,0.098,0.146,0.661010508318008,"Proliferating Basal"
"LCAT...38",5.91386201317486e-05,-0.348310093982885,0.009,0.026,1,"Proliferating Basal"
"CYP4F11...39",6.11740749220852e-05,-0.522417695816263,0.03,0.055,1,"Proliferating Basal"
"CYP2U1...40",0.000518732828934013,-0.260060251821352,0.014,0.031,1,"Proliferating Basal"
"ACSL1...41",0.000528438393952952,0.118613445806238,0.027,0.048,1,"Proliferating Basal"
"ACOT2...42",0.000650460583086738,1.38587316275187,0.077,0.051,1,"Proliferating Basal"
"GPX4...43",0.00105888311441981,0.101706854867631,0.847,0.893,1,"Proliferating Basal"
"MGST2...44",0.00120726456188668,0.553487549798077,0.574,0.647,1,"Proliferating Basal"
"PTGR1...45",0.00190332965283036,0.910120574847805,0.388,0.41,1,"Proliferating Basal"
"ALOX5...46",0.00420249523025842,-0.619695862089465,0.004,0.011,1,"Proliferating Basal"
"PLA2G4F...47",0.00488804505246342,3.48703641052062,0.011,0.003,1,"Proliferating Basal"
"LIPA...48",0.00662852686464973,0.357510929735706,0.221,0.277,1,"Proliferating Basal"
"CBR3...49",0.0122933277337346,0.484730625287379,0.164,0.208,1,"Proliferating Basal"
"PTGS2...50",0.0162922940179888,-0.142108265556454,0.025,0.039,1,"Proliferating Basal"
"CYP2J2...51",0.0187203156712984,0.818444220456727,0.149,0.128,1,"Proliferating Basal"
"CYP2C18...52",0.0197277936352941,1.3935181208807,0.022,0.012,1,"Proliferating Basal"
"EPHX2...53",0.0209579674346493,1.00473008127243,0.195,0.18,1,"Proliferating Basal"
"LTB4R...54",0.0246232205675602,0.356374583576404,0.171,0.21,1,"Proliferating Basal"
"ACOT11...55",0.0251346803569154,0.215064298442708,0.101,0.126,1,"Proliferating Basal"
"GGT6...56",0.0399523602786409,0.315975631164298,0.167,0.206,1,"Proliferating Basal"
"TBXAS1...57",0.051564819859221,-0.605202950049535,0.006,0.012,1,"Proliferating Basal"
"CYP4F3...58",0.0579427333677159,0.495481227455114,0.082,0.103,1,"Proliferating Basal"
"CYP2B6...59",0.0637283369758085,0.376398329801958,0.077,0.095,1,"Proliferating Basal"
"ACOT8...60",0.0658033824889912,0.519594835613609,0.072,0.091,1,"Proliferating Basal"
"GPX7...61",0.13703063821107,0.400693816147407,0.082,0.098,1,"Proliferating Basal"
"PLA2G4A...62",0.142023057186716,0.237246161561852,0.047,0.058,1,"Proliferating Basal"
"PTGES2...63",0.178290919308605,0.467752165548545,0.212,0.246,1,"Proliferating Basal"
"ACAT1...64",0.188727710445313,0.586166618586905,0.209,0.244,1,"Proliferating Basal"
"GPX1...65",0.215723744411105,0.307144781055967,0.612,0.808,1,"Proliferating Basal"
"GGT7...66",0.228901011890295,0.759607678405395,0.174,0.17,1,"Proliferating Basal"
"ABCC4...67",0.352163400395228,0.43608232389826,0.102,0.115,1,"Proliferating Basal"
"AGPAT2...68",0.385468946567624,0.564292865426301,0.308,0.331,1,"Proliferating Basal"
"PLB1...69",0.403363881398753,0.668651805612962,0.011,0.008,1,"Proliferating Basal"
"LTB4R2...70",0.440270814016988,0.736364951487816,0.05,0.057,1,"Proliferating Basal"
"OXGR1...71",0.672276144067378,1.10463639842152,0.01,0.011,1,"Proliferating Basal"
"PLA2G6...72",0.7138320016283,0.788011056097355,0.031,0.033,1,"Proliferating Basal"
"ACOT4...73",0.96677576409676,0.536080733750234,0.044,0.045,1,"Proliferating Basal"
"ALOX15...74",0,-3.34333517482542,0.494,0.906,0,"Hillock Basal"
"AKR1C3...75",7.91261511368545e-203,2.78718448757637,0.698,0.282,1.88146162173213e-198,"Hillock Basal"
"ELOVL5...76",1.04398477771691e-157,-2.37479671888151,0.089,0.451,2.48238700445527e-153,"Hillock Basal"
"MGST3...77",1.50370333738818e-48,1.03874272574393,0.667,0.572,3.57550579564161e-44,"Hillock Basal"
"ABCC1...78",1.95262159707728e-46,-1.77893639077342,0.043,0.18,4.64294363353037e-42,"Hillock Basal"
"GPX1...79",1.69888421526828e-43,-0.416682434724604,0.468,0.841,4.03960688706491e-39,"Hillock Basal"
"ACSL3...80",1.65195820087361e-35,-0.843585345698712,0.216,0.416,3.92802621003726e-31,"Hillock Basal"
"ACSL4...81",7.5255884968241e-30,-1.03121742769749,0.081,0.208,1.78943443277484e-25,"Hillock Basal"
"CYP2E1...82",1.96227252273184e-22,-2.44643772166084,0.001,0.039,4.66589160455176e-18,"Hillock Basal"
"MAPKAPK2...83",1.8848850184123e-21,-0.692313966029369,0.098,0.21,4.48187959678076e-17,"Hillock Basal"
"PLA2G10...84",2.69527552027352e-21,1.80435444725634,0.249,0.135,6.40882613210638e-17,"Hillock Basal"
"GPX3...85",3.29775297260476e-21,2.52361964826864,0.115,0.026,7.84139701825959e-17,"Hillock Basal"
"HPGD...86",2.65755093990388e-19,-0.793425712160492,0.452,0.599,6.31912462490344e-15,"Hillock Basal"
"GGT1...87",1.36932318548697e-18,-2.82434297476794,0.003,0.037,3.25597667045091e-14,"Hillock Basal"
"LTB4R...88",5.76160896951874e-17,-0.763369408186895,0.127,0.233,1.36999538077217e-12,"Hillock Basal"
"LPCAT1...89",7.08150260941499e-17,-3.23186347312446,0.002,0.031,1.6838396904667e-12,"Hillock Basal"
"AGPAT5...90",1.11506477809129e-16,-0.935490227713669,0.038,0.104,2.65140102934546e-12,"Hillock Basal"
"LPCAT3...91",2.13585211724158e-16,-0.59097089973199,0.107,0.206,5.07862916437703e-12,"Hillock Basal"
"LCAT...92",9.51019173769193e-16,-2.06937977123294,0.004,0.036,2.26133339138839e-11,"Hillock Basal"
"PLA2G16...93",1.07053176166495e-14,1.57012666745757,0.191,0.103,2.54551042288691e-10,"Hillock Basal"
"PLA2G12A...94",2.17859144822406e-13,-0.248465752164947,0.128,0.229,5.18025474558718e-09,"Hillock Basal"
"MGST2...95",4.22273021532559e-13,0.740732323041411,0.587,0.587,1.00408079060012e-08,"Hillock Basal"
"ACSL5...96",1.08830063162022e-12,-0.588059704872156,0.055,0.121,2.58776124186655e-08,"Hillock Basal"
"PTGS2...97",1.97623273348851e-12,-2.29837592798994,0.02,0.062,4.69908619368898e-08,"Hillock Basal"
"SOAT1...98",4.49684593609846e-12,-0.784345381495709,0.044,0.102,1.06926002668549e-07,"Hillock Basal"
"MBOAT7...99",1.89343262988866e-10,-0.321276026020553,0.079,0.146,4.50220410734926e-06,"Hillock Basal"
"LIPE...100",2.56527329422964e-10,-1.17021560840547,0.018,0.055,6.09970683901923e-06,"Hillock Basal"
"ACOT13...101",1.62419998828826e-09,0.873544862463129,0.36,0.304,3.86202273215183e-05,"Hillock Basal"
"LTA4H...102",2.1059562261218e-09,-0.332280592719325,0.165,0.254,5.00754271447241e-05,"Hillock Basal"
"PTGFR...103",6.15711074869696e-09,3.13341298404368,0.038,0.006,0.000146403779382516,"Hillock Basal"
"ACSL1...104",8.99423667872917e-09,-0.669496993905657,0.025,0.062,0.000213864959746822,"Hillock Basal"
"ALOX15B...105",1.30322663882398e-08,2.06554594746018,0.061,0.021,0.000309881230179566,"Hillock Basal"
"LTC4S...106",1.92390292282664e-08,1.35568690814748,0.131,0.075,0.000457465636989718,"Hillock Basal"
"AGPAT4...107",4.62571944435607e-08,-3.52978291382679,0.001,0.013,0.00109990356947899,"Hillock Basal"
"CBR1...108",1.28882225703715e-07,-0.143638770423251,0.439,0.549,0.00306456156278294,"Hillock Basal"
"CYP2U1...109",2.07658957052945e-06,-0.974234777661374,0.016,0.04,0.0493771468080492,"Hillock Basal"
"CYP1B1...110",3.87146330677988e-06,-0.575496145731498,0.012,0.033,0.0920556545086119,"Hillock Basal"
"EPHX2...111",9.45004424264839e-06,0.908984905225733,0.198,0.151,0.224703152001694,"Hillock Basal"
"LTB4R2...112",1.22449156048585e-05,-0.531048902534327,0.051,0.087,0.291159603252326,"Hillock Basal"
"PTGER2...113",1.27123206134434e-05,-1.02760221258135,0.003,0.015,0.302273559546456,"Hillock Basal"
"ACOT2...114",1.75184027376784e-05,1.58847642973688,0.083,0.048,0.416552580296517,"Hillock Basal"
"CYP2J2...115",1.99836193559015e-05,1.19971595971265,0.139,0.097,0.475170501044626,"Hillock Basal"
"GGT6...116",2.5630875413362e-05,1.0285969228022,0.191,0.149,0.609450955578922,"Hillock Basal"
"AGPAT2...117",0.000112908095605695,0.615872726000142,0.36,0.343,1,"Hillock Basal"
"CYP4F3...118",0.000842547535243773,1.29481947786346,0.099,0.071,1,"Hillock Basal"
"OXER1",0.00100271115115777,-1.50267459521013,0.003,0.012,1,"Hillock Basal"
"CYP2C18...120",0.00108070964952507,1.16010955793742,0.042,0.022,1,"Hillock Basal"
"GPX4...121",0.00487991847586459,-0.176883123535936,0.872,0.907,1,"Hillock Basal"
"PTGR1...122",0.0067517519042542,0.586236756351719,0.326,0.321,1,"Hillock Basal"
"ALOX5...123",0.0199544528378155,1.79775564475411,0.012,0.005,1,"Hillock Basal"
"PNPLA2...124",0.0295756035953596,0.267949699093548,0.142,0.177,1,"Hillock Basal"
"PLB1...125",0.0325945059890215,-0.59666239322346,0.008,0.015,1,"Hillock Basal"
"FADS2...126",0.0340366455593663,-0.495772917283051,0.005,0.011,1,"Hillock Basal"
"FADS1...127",0.0627444777330714,0.195106190424337,0.017,0.026,1,"Hillock Basal"
"ABCC4...128",0.0962498349221206,0.631411375132313,0.087,0.072,1,"Hillock Basal"
"PTGES...129",0.120755094829659,0.54379646275639,0.087,0.106,1,"Hillock Basal"
"CYSLTR1...130",0.157229544805197,0.327539944081718,0.065,0.054,1,"Hillock Basal"
"AKR1B1...131",0.16273784208007,0.232849512574648,0.085,0.074,1,"Hillock Basal"
"PLA2G4A...132",0.273508342522626,0.179442182142521,0.06,0.07,1,"Hillock Basal"
"ACOT8...133",0.282490552799617,0.392220640185873,0.077,0.089,1,"Hillock Basal"
"CYP4F11...134",0.285145032728419,-0.112841907267134,0.05,0.059,1,"Hillock Basal"
"ACOT4...135",0.36365385652223,1.1650340764349,0.029,0.025,1,"Hillock Basal"
"GPX2...136",0.458552690911569,-0.102601866320308,0.52,0.544,1,"Hillock Basal"
"LIPA...137",0.459511329698645,0.454676850695337,0.225,0.253,1,"Hillock Basal"
"PTGES2...138",0.527950282121287,0.352573328761517,0.236,0.268,1,"Hillock Basal"
"GPX7...139",0.587068882721714,0.464356155652186,0.055,0.052,1,"Hillock Basal"
"PTGER4...140",0.870294932615414,0.491264074376878,0.053,0.055,1,"Hillock Basal"
"CYP2B6...141",0.88669046380136,0.449854968484416,0.097,0.097,1,"Hillock Basal"
"ACAT1...142",0.8986364891255,0.476628180316133,0.139,0.143,1,"Hillock Basal"
"GGT7...143",0.911494187939624,0.378002713211596,0.186,0.197,1,"Hillock Basal"
"CBR3...144",0.988442329747568,0.301702588571011,0.069,0.07,1,"Hillock Basal"
"ALOX15...145",0,-3.74825947659451,0.217,0.882,0,"Basal"
"HPGD...146",0,-1.47078252075106,0.224,0.537,0,"Basal"
"ELOVL5...147",0,-1.38091015449666,0.069,0.291,0,"Basal"
"GPX2...148",0,-1.04457200123631,0.082,0.299,0,"Basal"
"ABCC1...149",3.81613954994435e-200,-1.96392255539158,0.013,0.095,9.07401662185768e-196,"Basal"
"GPX1...150",7.98646434644069e-140,-0.213747597320016,0.383,0.659,1.89902149229667e-135,"Basal"
"ACSL3...151",1.17735640124256e-139,-0.378330311631561,0.114,0.258,2.79951805087457e-135,"Basal"
"LTB4R...152",6.25698886201281e-132,-0.309397021503288,0.118,0.26,1.48778681160941e-127,"Basal"
"ACSL4...153",1.16690830485724e-131,-0.663734219223071,0.053,0.151,2.77467456728955e-127,"Basal"
"LPCAT3...154",1.0531543804676e-107,-0.519070654349914,0.063,0.158,2.50419048587586e-103,"Basal"
"SLC27A2...155",8.40095931427232e-93,-0.562800702271149,0.038,0.108,1.99758010574767e-88,"Basal"
"PTGER2...156",5.1340915528486e-87,-2.3533538371156,0.004,0.037,1.22078428943634e-82,"Basal"
"AKR1C3...157",2.496041324795e-82,1.99621285018947,0.159,0.075,5.93508706209754e-78,"Basal"
"LTA4H...158",1.69682848291951e-70,-0.139451799018221,0.071,0.15,4.034718766686e-66,"Basal"
"MAPKAPK2...159",1.88439029643877e-68,-0.373521232017737,0.039,0.097,4.48070324687211e-64,"Basal"
"GGT1...160",1.63495821950617e-67,-1.71442442365536,0.004,0.031,3.88760365434178e-63,"Basal"
"SOAT1...161",1.21116186094704e-56,-0.492676130354026,0.026,0.069,2.87990067295986e-52,"Basal"
"LTB4R2...162",8.84782316307557e-51,-0.284355118448163,0.039,0.088,2.10383539171611e-46,"Basal"
"MBOAT7...163",6.4213093367518e-50,-0.202134216507836,0.047,0.1,1.52685893409284e-45,"Basal"
"ACOT11...164",2.02778326229617e-42,-0.136859980570785,0.058,0.111,4.82166304108782e-38,"Basal"
"ACSL5...165",4.4707814088999e-42,-0.269712614414449,0.023,0.059,1.06306240340822e-37,"Basal"
"CYSLTR1...166",1.26481260726943e-41,-0.359122017361958,0.042,0.087,3.00747141756524e-37,"Basal"
"PTGES2...167",6.57994726418719e-41,0.110389457745848,0.078,0.14,1.56457986047843e-36,"Basal"
"MGST3...168",3.15060658806987e-37,0.919089400427559,0.42,0.442,7.49151234511254e-33,"Basal"
"LPCAT1...169",7.6187122781784e-37,-0.62691047532832,0.009,0.031,1.81157740550526e-32,"Basal"
"AGPAT5...170",6.13021601804066e-33,-0.210134413177494,0.023,0.054,1.45764276476971e-28,"Basal"
"MGST2...171",2.90218341454108e-30,0.264274842059159,0.26,0.389,6.90081172309579e-26,"Basal"
"GPX3...172",4.90512621052858e-30,1.9291659978087,0.064,0.03,1.16634091033949e-25,"Basal"
"LCAT...173",1.97344640375438e-27,-0.28625745127661,0.013,0.035,4.69246085884717e-23,"Basal"
"AGPAT2...174",2.40779809857971e-27,0.301752590141444,0.12,0.188,5.72526231880283e-23,"Basal"
"ACSL1...175",4.66194878274885e-27,-0.387162957980442,0.015,0.038,1.10851818156202e-22,"Basal"
"GPX4...176",1.18599319996521e-20,-0.136247250552866,0.772,0.865,2.82005463087727e-16,"Basal"
"ACOT8...177",8.98406887655751e-20,0.134398570413675,0.03,0.055,2.13623189746785e-15,"Basal"
"PTGES...178",2.73423042892482e-19,-0.271554794911047,0.008,0.022,6.50145311389744e-15,"Basal"
"PAFAH2...179",7.93475886346157e-19,-0.138461450063492,0.012,0.028,1.88672696255389e-14,"Basal"
"GGT6...180",2.93727012275825e-18,0.263278270707417,0.033,0.058,6.98424089789457e-14,"Basal"
"LIPE...181",1.27382014912872e-17,-0.247094005744306,0.011,0.026,3.02888955059826e-13,"Basal"
"CYP2B6...182",1.86373975416335e-15,0.269868756972846,0.015,0.03,4.43160038744962e-11,"Basal"
"CYP4F11...183",5.78979873280095e-15,-0.125336802996884,0.015,0.031,1.37669834268541e-10,"Basal"
"PLA2G16...184",2.39243576928395e-12,1.59079232613714,0.045,0.027,5.68873377220337e-08,"Basal"
"GGT7...185",5.43910542737793e-12,0.487778815635366,0.09,0.127,1.29331048852192e-07,"Basal"
"AGPAT4...186",1.15937606667642e-10,-1.07820753364688,0.003,0.01,2.75676441134318e-06,"Basal"
"ACOT13...187",4.48500778524057e-10,0.566044782386845,0.15,0.202,1.0664451511745e-05,"Basal"
"PTGFR...188",8.30414937511991e-10,2.97470398542554,0.011,0.003,1.97456063841601e-05,"Basal"
"GPX7...189",1.06440138567647e-09,0.408940921234016,0.037,0.056,2.53093361486151e-05,"Basal"
"PLA2G6...190",1.31171505996199e-09,0.261999512464854,0.023,0.038,3.11899606957761e-05,"Basal"
"ACOT7...191",2.04114714301265e-08,0.611434885511718,0.028,0.043,0.000485343967665547,"Basal"
"PLA2G10...192",3.34870455582222e-08,0.706171912894964,0.028,0.043,0.000796254969283407,"Basal"
"PTGS2...193",3.92978669713264e-08,-0.274672608610895,0.01,0.019,0.000934424680844198,"Basal"
"LIPA...194",4.21753355441425e-08,0.685253087676634,0.125,0.166,0.00100284512856862,"Basal"
"PTGES3...195",9.59476858125962e-08,0.219514960280133,0.431,0.578,0.00228144407325191,"Basal"
"PLA2G4A...196",1.04279528884829e-07,0.159959814068074,0.016,0.026,0.00247955863782345,"Basal"
"EPHX2...197",2.43897934766337e-06,0.603913507749876,0.107,0.138,0.0579940509287397,"Basal"
"FADS1...198",2.38433979944746e-05,0.167598096628729,0.011,0.018,0.566948317512618,"Basal"
"CYP4F3...199",0.000624641100385357,0.94002353012153,0.014,0.02,1,"Basal"
"CYP2J2...200",0.000827686601146673,1.30847209649606,0.063,0.054,1,"Basal"
"AKR1B1...201",0.0220873401127027,1.12456182146132,0.051,0.046,1,"Basal"
"ACOT4...202",0.0377820159242816,0.883446731834578,0.016,0.02,1,"Basal"
"CYP1B1...203",0.0525827224443499,1.42782817202814,0.018,0.014,1,"Basal"
"ACOT2...204",0.122619951057306,1.38748028448757,0.035,0.032,1,"Basal"
"ACSL6",0.131736072848535,0.599346276005173,0.013,0.016,1,"Basal"
"LTC4S...206",0.336428577691265,1.17488398864654,0.058,0.057,1,"Basal"
"ACAT1...207",0.425743328898772,0.918029717577434,0.093,0.103,1,"Basal"
"PTGR1...208",0.739108305483157,0.783428651192905,0.182,0.205,1,"Basal"
"ALOX15...209",0,-3.10621361466565,0.49,0.896,0,"Supra-Basal"
"ELOVL5...210",0,-2.04719987259913,0.075,0.404,0,"Supra-Basal"
"AKR1C3...211",0,1.89552417211085,0.575,0.347,0,"Supra-Basal"
"SLC27A2...212",1.68163442597333e-292,-0.982827493733257,0.206,0.451,3.99859033807939e-288,"Supra-Basal"
"ACSL3...213",2.59246519067291e-246,-0.694137312631665,0.164,0.383,6.16436373038205e-242,"Supra-Basal"
"ABCC1...214",1.39606786208817e-161,-1.11134242484997,0.036,0.137,3.31957016247326e-157,"Supra-Basal"
"MGST3...215",1.30265127336331e-148,1.05922223591643,0.575,0.544,3.09744419780328e-144,"Supra-Basal"
"LTA4H...216",9.37918378475168e-136,-0.455424988200035,0.122,0.264,2.23018232033825e-131,"Supra-Basal"
"MAPKAPK2...217",4.98308769029706e-129,-0.676212508950058,0.065,0.173,1.18487859099883e-124,"Supra-Basal"
"GPX2...218",3.10283204003763e-127,-0.417926584482961,0.367,0.572,7.37791402480147e-123,"Supra-Basal"
"GPX3...219",5.01626351236016e-126,2.99169315405497,0.108,0.02,1.192767137969e-121,"Supra-Basal"
"ACSL4...220",3.91601205014464e-87,-0.523915731030744,0.087,0.182,9.31149345283393e-83,"Supra-Basal"
"ACSL5...221",1.79318841769913e-78,-0.585583398244184,0.046,0.115,4.26384341960499e-74,"Supra-Basal"
"SOAT1...222",1.01483919398294e-77,-0.705359790254654,0.031,0.091,2.41308463545263e-73,"Supra-Basal"
"PTGFR...223",5.81750146311873e-77,3.10028468361548,0.07,0.014,1.38328549790037e-72,"Supra-Basal"
"AGPAT5...224",2.85956276788638e-63,-0.730742003979665,0.029,0.079,6.79946834948022e-59,"Supra-Basal"
"PLA2G12A...225",8.78231751141204e-62,-0.152977476180251,0.128,0.225,2.08825945786355e-57,"Supra-Basal"
"GPX4...226",4.72649770201503e-58,0.269670309594198,0.839,0.895,1.12386662358513e-53,"Supra-Basal"
"LIPE...227",1.56820818277365e-56,-1.24684095623858,0.015,0.052,3.72888541699919e-52,"Supra-Basal"
"LPCAT3...228",1.05478554066019e-54,-0.267441408520329,0.076,0.146,2.50806905858179e-50,"Supra-Basal"
"HPGD...229",1.56206396879204e-53,0.584605717816223,0.553,0.549,3.71427570499372e-49,"Supra-Basal"
"PTGS2...230",1.50677338473678e-51,-1.57522160340643,0.017,0.054,3.58280575422711e-47,"Supra-Basal"
"LPCAT1...231",1.26683904514141e-45,-1.55667696007706,0.005,0.028,3.01228988153724e-41,"Supra-Basal"
"CYSLTR1...232",3.74062362288436e-43,-0.835902645260769,0.027,0.065,8.89445485049442e-39,"Supra-Basal"
"PLA2G10...233",5.76249782142634e-42,1.59206515069839,0.146,0.089,1.37020673197875e-37,"Supra-Basal"
"ACAD9...234",6.05090052420475e-41,-0.13882976495998,0.055,0.107,1.4387831266454e-36,"Supra-Basal"
"PLA2G16...235",4.31294549091446e-33,1.34320760456609,0.122,0.074,1.02553217882964e-28,"Supra-Basal"
"PTGES...236",3.29502905059089e-31,-0.12350248845309,0.033,0.068,7.83492007649502e-27,"Supra-Basal"
"CYP2J2...237",4.19345919291113e-31,1.37573062898313,0.161,0.112,9.97120726890409e-27,"Supra-Basal"
"PLA2G4A...238",1.08444872929844e-28,-0.256979604762641,0.038,0.073,2.57860218852583e-24,"Supra-Basal"
"LTC4S...239",1.97499477912754e-27,1.43299713450561,0.137,0.094,4.69614258580946e-23,"Supra-Basal"
"ACSL1...240",2.36137607012843e-27,-0.611217092839883,0.015,0.039,5.61488001955138e-23,"Supra-Basal"
"LPCAT2...241",3.07638202468267e-24,0.128582153575366,0.048,0.084,7.31502117829045e-20,"Supra-Basal"
"PAFAH2...242",1.30050187612825e-22,-0.154843733162155,0.026,0.051,3.09233336105776e-18,"Supra-Basal"
"CYP4F11...243",2.90125420850511e-21,-0.253884593364849,0.023,0.047,6.89860225698344e-17,"Supra-Basal"
"FADS1...244",6.2671127404289e-19,-0.555848712236029,0.008,0.022,1.49019406741918e-14,"Supra-Basal"
"GGT1...245",1.26807836143381e-18,-1.85791744503881,0.002,0.01,3.01523672781731e-14,"Supra-Basal"
"PNPLA2...246",2.10068951442258e-16,0.170961601236266,0.097,0.138,4.995019527394e-12,"Supra-Basal"
"PTGR1...247",2.24887021302657e-16,0.854513527596393,0.306,0.296,5.34736359253457e-12,"Supra-Basal"
"ACOT2...248",9.94773036537935e-16,1.78384516392382,0.06,0.036,2.3653713262799e-11,"Supra-Basal"
"PTGES2...249",1.23521335584273e-14,0.303647781786062,0.178,0.239,2.93709031752283e-10,"Supra-Basal"
"ALOX15B...250",2.64550965255958e-14,1.47254720707874,0.024,0.009,6.29049285185617e-10,"Supra-Basal"
"EPHX2...251",3.31802583876573e-13,0.962873613712455,0.189,0.163,7.88960183941714e-09,"Supra-Basal"
"ACOT7...252",7.60681796854848e-11,0.256835857113205,0.043,0.064,1.80874917656146e-06,"Supra-Basal"
"CBR1...253",6.14314618521195e-10,0.31804924793597,0.317,0.404,1.4607172999197e-05,"Supra-Basal"
"CYP2C18...254",9.02895337029287e-09,1.63068339602171,0.03,0.018,0.000214690453238824,"Supra-Basal"
"CYP1B1...255",2.3747769595299e-08,0.111780209646186,0.008,0.016,0.00056467446543702,"Supra-Basal"
"ACOT11...256",2.75252435433439e-08,0.223780009147144,0.081,0.105,0.000654495240973631,"Supra-Basal"
"ACOT13...257",1.36806380792097e-07,0.89933623800661,0.276,0.28,0.00325298212247448,"Supra-Basal"
"ACOT8...258",4.09665488715157e-07,0.436192760520603,0.055,0.074,0.009741025990669,"Supra-Basal"
"GPX7...259",2.37554839255313e-06,0.572284448311561,0.051,0.068,0.0564857896781283,"Supra-Basal"
"AKR1B1...260",7.04691929223589e-06,0.95381784818349,0.066,0.052,0.167561646930785,"Supra-Basal"
"CYP4F3...261",1.15748419561479e-05,0.489685431834116,0.091,0.113,0.275226592033285,"Supra-Basal"
"LTB4R2...262",0.000102451337259959,0.367271342488968,0.024,0.034,1,"Supra-Basal"
"CYP2U1...263",0.000153039865973507,0.337825067523378,0.014,0.021,1,"Supra-Basal"
"GPX1...264",0.00017166272810858,0.242507688431176,0.572,0.816,1,"Supra-Basal"
"CBR3...265",0.000817751344624308,1.14808054152197,0.06,0.051,1,"Supra-Basal"
"AGPAT2...266",0.00143716922376551,0.444416833336806,0.248,0.298,1,"Supra-Basal"
"GGT7...267",0.0041143206240399,0.353086343362347,0.184,0.214,1,"Supra-Basal"
"GGT6...268",0.0115944587303613,0.587720225538628,0.16,0.185,1,"Supra-Basal"
"ACOT4...269",0.0157455683723372,1.23640538933465,0.022,0.017,1,"Supra-Basal"
"LIPA...270",0.017889926894328,0.641693760296706,0.184,0.214,1,"Supra-Basal"
"ACAT1...271",0.021442357561778,0.586454332793255,0.119,0.137,1,"Supra-Basal"
"MGST2...272",0.0362709425592884,0.492310815498439,0.48,0.569,1,"Supra-Basal"
"LTB4R...273",0.0364917272171414,0.479563932585948,0.104,0.118,1,"Supra-Basal"
"ABCC4...274",0.517596479527793,0.641288788511993,0.095,0.101,1,"Supra-Basal"
"PLA2G6...275",0.852295593214387,1.07109117874107,0.028,0.029,1,"Supra-Basal"
"ELOVL5...276",0,-1.37285853432576,0.238,0.533,0,"Secretory"
"PTGFR...277",0,2.99739619148936,0.35,0.071,0,"Secretory"
"ALOX15...278",0,-2.83714938887011,0.592,0.852,0,"Secretory"
"CYP2J2...279",0,1.89307992404766,0.499,0.258,0,"Secretory"
"GPX2...280",0,-1.47678889764008,0.15,0.388,0,"Secretory"
"PTGS2...281",0,-3.29679848379801,0.034,0.231,0,"Secretory"
"HPGD...282",0,1.26159444303188,0.564,0.386,0,"Secretory"
"PLA2G4A...283",3.22861678170852e-271,-1.3001227858271,0.064,0.221,7.67700498354651e-267,"Secretory"
"ACSL3...284",1.77177605462675e-246,-0.769214695283471,0.371,0.606,4.21292910269148e-242,"Secretory"
"CYSLTR1...285",8.01268259505836e-222,-1.8586288019499,0.036,0.151,1.90525566745298e-217,"Secretory"
"AGPAT2...286",2.78019948423422e-189,1.11462901043668,0.487,0.366,6.61075833361213e-185,"Secretory"
"MAPKAPK2...287",6.30505810912292e-157,-0.764143295383556,0.105,0.242,1.49921671718725e-152,"Secretory"
"ABCC1...288",1.99093370779166e-153,-1.18672067013113,0.033,0.122,4.734042170387e-149,"Secretory"
"PLA2G10...289",6.68848020531821e-142,1.34051072050256,0.388,0.274,1.59038682322056e-137,"Secretory"
"SOAT1...290",5.8976287802028e-131,-0.783673028762369,0.069,0.173,1.40233817135662e-126,"Secretory"
"MGST3...291",1.94619500942207e-113,0.708395917712098,0.637,0.634,4.6276624934038e-109,"Secretory"
"AKR1C3...292",3.47779125645412e-112,0.971949619465633,0.493,0.425,8.26949204959661e-108,"Secretory"
"GPX1...293",4.61064606785313e-101,-0.247662256738079,0.576,0.835,1.09631942201412e-96,"Secretory"
"ACSL5...294",2.15468652586217e-96,-0.587651780174562,0.079,0.171,5.12341362119507e-92,"Secretory"
"ACSL1...295",4.86634065001637e-94,-0.897788640799243,0.039,0.108,1.15711847976089e-89,"Secretory"
"SLC27A2...296",1.73306800918902e-93,-0.389940102725792,0.452,0.628,4.12088911224965e-89,"Secretory"
"GPX3...297",2.53152635122575e-73,2.04873190521844,0.105,0.041,6.01946335794459e-69,"Secretory"
"LPCAT1...298",7.2854041074584e-73,-1.53672368278353,0.012,0.05,1.73232338867146e-68,"Secretory"
"PLA2G12A...299",2.47630395571716e-68,-0.240740321597895,0.155,0.26,5.88815554590425e-64,"Secretory"
"LIPE...300",6.85255195946472e-63,-1.24247887506522,0.023,0.066,1.62939980492152e-58,"Secretory"
"MBOAT7...301",8.13182688588706e-50,-0.316213572016309,0.1,0.171,1.93358579692622e-45,"Secretory"
"LTA4H...302",3.60998682230642e-46,-0.163110723481753,0.19,0.286,8.5838266660802e-42,"Secretory"
"PAFAH2...303",3.81542474062571e-44,-0.545559494042361,0.04,0.084,9.07231694825981e-40,"Secretory"
"ACSL4...304",2.28808701885604e-43,-0.171284398953016,0.169,0.256,5.44061331343589e-39,"Secretory"
"ALOX15B...305",3.77318970259692e-43,-1.9101737200483,0.008,0.032,8.97189047483496e-39,"Secretory"
"LIPG...306",3.97093064085473e-36,-7.88660469840655,0,0.01,9.44207887782439e-32,"Secretory"
"ACAD9...307",6.95321242013684e-34,-0.264232591875049,0.085,0.139,1.65333484926014e-29,"Secretory"
"FADS1...308",2.93297340315085e-33,-1.07368037878353,0.015,0.041,6.9740241580121e-29,"Secretory"
"LPCAT3...309",2.82051189314388e-32,-0.228559889220279,0.087,0.14,6.70661317951753e-28,"Secretory"
"ABCC4...310",7.02769014823362e-32,1.01680341504818,0.139,0.092,1.67104416344699e-27,"Secretory"
"FADS2...311",2.03388920998859e-31,-1.72193468069645,0.004,0.019,4.83618176351088e-27,"Secretory"
"ACOT7...312",5.14875190987544e-31,-0.639669621282381,0.029,0.061,1.22427022913018e-26,"Secretory"
"ACOT4...313",7.58165104415721e-22,-0.330604004846921,0.019,0.039,1.8027649852797e-17,"Secretory"
"PLA2G16...314",3.88848328183197e-21,0.651105590024173,0.291,0.261,9.24603554754005e-17,"Secretory"
"GGT6...315",3.95912446946911e-18,0.142955913684771,0.207,0.278,9.41400616350365e-14,"Secretory"
"CBR3...316",1.79957800859933e-17,1.42595022755648,0.068,0.043,4.27903658884749e-13,"Secretory"
"AGPAT5...317",5.26825257030333e-17,-0.352090933810345,0.031,0.053,1.25268509616672e-12,"Secretory"
"LTC4S...318",2.81920988056687e-16,0.927862125474151,0.111,0.082,6.70351725401191e-12,"Secretory"
"CYP2E1...319",1.73410058506325e-15,-1.35713621777737,0.002,0.01,4.12334437116339e-11,"Secretory"
"ACOT2...320",4.45177948748819e-15,1.23807419233399,0.068,0.045,1.05854412653494e-10,"Secretory"
"GGT7...321",1.83364837045088e-14,0.558975312582126,0.347,0.339,4.36004909525811e-10,"Secretory"
"ACOT13...322",2.03979818499386e-14,0.176213629621317,0.298,0.384,4.8502321242784e-10,"Secretory"
"CYP1B1...323",1.34143652067288e-13,-1.35719239007071,0.009,0.02,3.18966775885598e-09,"Secretory"
"MGST2...324",1.04329118885167e-11,0.371224126533924,0.571,0.627,2.48073778885149e-07,"Secretory"
"ACOT8...325",3.39683863870221e-11,0.229986597951508,0.082,0.111,8.07700291510611e-07,"Secretory"
"GPX4...326",1.6945949766428e-10,-0.137967705467322,0.853,0.897,4.02940793546124e-06,"Secretory"
"PLA2G3...327",3.25657191451453e-10,-0.85235258122596,0.005,0.013,7.74347669833265e-06,"Secretory"
"CYP2C18...328",2.27136542011103e-09,0.153138424281528,0.043,0.061,5.40085269594001e-05,"Secretory"
"CYP4F11...329",2.1315356980561e-08,-0.358257984098675,0.037,0.052,0.00050683655828378,"Secretory"
"PTGER2...330",2.27239394229611e-07,-0.811157802380417,0.006,0.013,0.00540329831599168,"Secretory"
"LCAT...331",3.1383565678334e-07,-0.408138652245326,0.004,0.01,0.00746238424699426,"Secretory"
"PTGES2...332",6.52382196160431e-07,0.231425453291423,0.23,0.283,0.0155123438603027,"Secretory"
"ACOT11...333",2.34913138846677e-06,0.15853422708759,0.062,0.079,0.0558576461549629,"Secretory"
"AKR1B1...334",5.56637332468609e-05,0.650721347456932,0.072,0.06,1,"Secretory"
"GPX6...335",0.000283293870172957,-0.707338934879125,0.008,0.013,1,"Secretory"
"EPHX2...336",0.00243410633518561,0.637472429528249,0.145,0.139,1,"Secretory"
"CYP4F3...337",0.00383992686247493,0.431229326932021,0.111,0.129,1,"Secretory"
"LIPA...338",0.00410483074819074,0.649482270524451,0.187,0.186,1,"Secretory"
"PTGES...339",0.00966461751227276,0.566380587098015,0.155,0.152,1,"Secretory"
"PTGR1...340",0.0239876350300341,0.357813073589916,0.36,0.4,1,"Secretory"
"CBR1...341",0.0460006824679187,0.118638720104017,0.443,0.516,1,"Secretory"
"FAM213B...342",0.125685651190843,0.244953774019669,0.109,0.119,1,"Secretory"
"PTGER4...343",0.421040732167815,0.550119547279467,0.076,0.081,1,"Secretory"
"LTB4R...344",0.469700892286472,0.857756609313579,0.042,0.04,1,"Secretory"
"ACAT1...345",0.505432464003835,0.596532442400214,0.138,0.143,1,"Secretory"
"PLA2G6...346",0.742147756409316,0.727138360039473,0.028,0.029,1,"Secretory"
"ALOX15...347",0,-3.28617868148819,0.454,0.895,0,"Early Secretory"
"ELOVL5...348",0,-1.97210428170974,0.118,0.526,0,"Early Secretory"
"SLC27A2...349",0,-1.01618535348497,0.282,0.628,0,"Early Secretory"
"ACSL3...350",2.19130078749506e-266,-0.750801487805565,0.231,0.536,5.21047501250574e-262,"Early Secretory"
"GPX2...351",5.06700714509268e-226,-0.68972250993357,0.216,0.488,1.20483295896014e-221,"Early Secretory"
"MAPKAPK2...352",2.2474380231618e-156,-0.784444696138702,0.074,0.228,5.34395813147414e-152,"Early Secretory"
"ABCC1...353",2.37554648198224e-147,-1.15169982548154,0.027,0.135,5.64857442485738e-143,"Early Secretory"
"AKR1C3...354",2.8435366958494e-145,1.60837870180936,0.489,0.396,6.7613615553907e-141,"Early Secretory"
"PTGS2...355",9.04506766196878e-114,-2.24648390750199,0.021,0.101,2.15073618866294e-109,"Early Secretory"
"SOAT1...356",3.54048827669299e-110,-0.790059303990236,0.04,0.139,8.4185730243206e-106,"Early Secretory"
"PTGFR...357",9.64905475339778e-109,2.82092686559788,0.159,0.047,2.29435223926292e-104,"Early Secretory"
"ACSL4...358",1.03327727316626e-92,-0.344935630681868,0.088,0.209,2.45692670013474e-88,"Early Secretory"
"LIPE...359",2.4333713300295e-84,-1.47940405724326,0.019,0.083,5.78607034854415e-80,"Early Secretory"
"PLA2G4A...360",4.09353143797891e-76,-0.677391306983538,0.045,0.127,9.73359905322625e-72,"Early Secretory"
"CBR1...361",3.1541950238039e-74,-0.103432476859463,0.289,0.478,7.50004492760091e-70,"Early Secretory"
"HPGD...362",3.42506254320155e-65,1.23514871646326,0.451,0.413,8.14411371522465e-61,"Early Secretory"
"ACSL5...363",5.26687074819679e-63,-0.528115877540909,0.052,0.129,1.25235652650623e-58,"Early Secretory"
"PAFAH2...364",5.22031499770413e-62,-0.813219414105772,0.025,0.083,1.24128650015409e-57,"Early Secretory"
"CYSLTR1...365",9.51186935613578e-59,-0.86227071108233,0.035,0.097,2.26173229550197e-54,"Early Secretory"
"ACAD9...366",1.21056682623132e-51,-0.197309585253281,0.058,0.13,2.87848579941284e-47,"Early Secretory"
"ACSL1...367",2.6734819422193e-47,-0.954775783869008,0.018,0.061,6.35700536220906e-43,"Early Secretory"
"CYP2J2...368",1.16177354983152e-46,1.61690403959869,0.257,0.187,2.76246514678938e-42,"Early Secretory"
"LPCAT1...369",6.77766777562422e-44,-1.57389907832117,0.006,0.035,1.61159384368793e-39,"Early Secretory"
"GPX3...370",3.90630777788773e-43,2.78295028860073,0.064,0.017,9.28841863426145e-39,"Early Secretory"
"PNPLA2...371",4.18982333053328e-43,0.144281789572802,0.153,0.26,9.96256191534203e-39,"Early Secretory"
"MBOAT7...372",2.29722737634096e-39,0.145153836838932,0.073,0.142,5.46234725546354e-35,"Early Secretory"
"MGST3...373",1.47345194892359e-35,0.90354906391112,0.533,0.6,3.50357404415052e-31,"Early Secretory"
"AGPAT2...374",3.71097792620026e-32,1.11788375783364,0.354,0.323,8.82396331291899e-28,"Early Secretory"
"ALOX15B...375",1.79120637899705e-30,-1.94284045076632,0.008,0.032,4.25913052797919e-26,"Early Secretory"
"PLA2G10...376",1.58434103527793e-23,1.53399292325288,0.236,0.196,3.76724611368385e-19,"Early Secretory"
"ACOT7...377",3.04875479333088e-23,-0.363508626662734,0.024,0.055,7.24932914758218e-19,"Early Secretory"
"FADS1...378",8.4320384850073e-21,-0.984382599876225,0.009,0.029,2.00497011096504e-16,"Early Secretory"
"CYP4F11...379",2.84025037266912e-19,-0.593663640845607,0.022,0.048,6.75354733613264e-15,"Early Secretory"
"AGPAT5...380",3.90445825943954e-17,-0.151244405873167,0.019,0.042,9.28402084929533e-13,"Early Secretory"
"ACOT8...381",1.20477309134759e-12,0.47506107643507,0.059,0.092,2.8647094566063e-08,"Early Secretory"
"LTC4S...382",1.95716824415354e-12,1.2439850439843,0.096,0.067,4.65375465094829e-08,"Early Secretory"
"FAM213B...383",7.79636674133594e-12,0.259971713286494,0.056,0.086,1.85382008375486e-07,"Early Secretory"
"PTGES2...384",4.76925610291813e-11,0.574358810986147,0.18,0.246,1.13403371615187e-06,"Early Secretory"
"ACOT11...385",7.22669251247436e-11,0.395868274558526,0.068,0.1,1.71836294561615e-06,"Early Secretory"
"GGT6...386",4.83070589680825e-10,0.609650024600945,0.156,0.212,1.14864524814307e-05,"Early Secretory"
"PTGER4...387",6.78288312922872e-10,0.121039246515105,0.055,0.081,1.61283395046801e-05,"Early Secretory"
"LPCAT2...388",1.63167453569576e-09,0.546800200111625,0.024,0.041,3.87979571097738e-05,"Early Secretory"
"ACOT13...389",4.28723623200009e-09,0.628857332357647,0.25,0.337,0.000101941903124498,"Early Secretory"
"ACOT2...390",9.80381497332917e-09,1.66736523427211,0.06,0.04,0.000233115112435821,"Early Secretory"
"PLA2G16...391",2.23837080984966e-08,0.963721673286508,0.178,0.156,0.000532239811166051,"Early Secretory"
"LIPA...392",3.41274207505853e-08,0.570531549402979,0.146,0.193,0.000811481810607418,"Early Secretory"
"CYP4F3...393",4.02010875744333e-08,0.481061570257077,0.1,0.135,0.000955901460344875,"Early Secretory"
"ABCC4...394",5.37808462127586e-08,1.20529560209895,0.112,0.089,0.00127880096124697,"Early Secretory"
"PLB1...395",7.0035473614433e-08,-0.148602914310177,0.007,0.016,0.00166530349160399,"Early Secretory"
"ACAT1...396",2.02234010589701e-06,0.691654180834741,0.103,0.135,0.0480872030380192,"Early Secretory"
"CYP2U1...397",8.66381286865055e-05,0.227971066258176,0.013,0.021,1,"Early Secretory"
"LCAT...398",9.08104974367944e-05,0.213963014886475,0.005,0.01,1,"Early Secretory"
"PTGR1...399",0.000233176174752312,0.537103853193843,0.273,0.351,1,"Early Secretory"
"PTGES...400",0.000259336313515145,0.67779526419429,0.077,0.098,1,"Early Secretory"
"AKR1B1...401",0.000487953118289261,0.928089447343786,0.053,0.041,1,"Early Secretory"
"ACOT4...402",0.00112994792764975,0.810685303815531,0.017,0.024,1,"Early Secretory"
"CBR3...403",0.00203048493500056,1.64892123085251,0.05,0.04,1,"Early Secretory"
"CYP2C18...404",0.0153465045439883,0.74924517805703,0.042,0.051,1,"Early Secretory"
"LTB4R...405",0.0637930691707319,1.46892734533298,0.04,0.035,1,"Early Secretory"
"MGST2...406",0.150822622140668,0.584949486502272,0.46,0.602,1,"Early Secretory"
"PLA2G6...407",0.201591849027059,0.777138172150903,0.021,0.024,1,"Early Secretory"
"GGT7...408",0.380420405125161,0.590454177955155,0.238,0.275,1,"Early Secretory"
"EPHX2...409",0.723573540699006,0.937099076074443,0.126,0.138,1,"Early Secretory"
"ALOX15...410",0,-1.51727582080648,0.682,0.888,0,"Ciliated"
"ELOVL5...411",3.45704532310899e-175,-1.25178037858265,0.205,0.463,8.22016236928855e-171,"Ciliated"
"PTGES3...412",3.83665348990332e-77,-0.386612753426606,0.703,0.85,9.12279466829212e-73,"Ciliated"
"SOAT1...413",6.08504307956627e-77,-0.743157098956799,0.169,0.335,1.44690154345927e-72,"Ciliated"
"GPX1...414",1.29774353010325e-70,-0.200722827205404,0.461,0.739,3.0857745658795e-66,"Ciliated"
"AGPAT4...415",3.01493454058019e-67,-1.68418508028873,0.025,0.111,7.16891135059157e-63,"Ciliated"
"PTGFR...416",2.20018027736158e-52,3.38290115564682,0.102,0.028,5.23158866351037e-48,"Ciliated"
"ACSL3...417",2.63091149391129e-52,-0.438563075051304,0.331,0.487,6.25578135022226e-48,"Ciliated"
"AGPAT5...418",4.393238581991e-40,-0.319172026366614,0.134,0.243,1.04462427002582e-35,"Ciliated"
"ABCC1...419",2.14883522517315e-34,-0.471236029177962,0.04,0.102,5.10950039841672e-30,"Ciliated"
"PTGER2...420",2.15468151229854e-32,-0.870700195914299,0.077,0.153,5.12340169994348e-28,"Ciliated"
"PLA2G12A...421",2.10973129314802e-30,-0.16010394432739,0.179,0.284,5.01651906884736e-26,"Ciliated"
"MAPKAPK2...422",1.01654464971555e-29,-0.496153499016935,0.105,0.187,2.41713986809363e-25,"Ciliated"
"MBOAT7...423",5.06205566695924e-29,-0.419542875980197,0.121,0.207,1.20365559648957e-24,"Ciliated"
"ACSL5...424",7.08538176939276e-29,-0.433799744206968,0.09,0.165,1.68476207712621e-24,"Ciliated"
"ACSL1...425",9.70209941564399e-27,-1.33413312481396,0.027,0.073,2.30696519905183e-22,"Ciliated"
"PLA2G4A...426",8.95049695021559e-26,-0.788727192342212,0.033,0.081,2.12824916482226e-21,"Ciliated"
"GPX4...427",1.79302016497213e-23,-0.186910745075564,0.846,0.92,4.26344334827073e-19,"Ciliated"
"PLA2G16...428",1.98593596484035e-22,-0.168277341772236,0.52,0.639,4.72215853719738e-18,"Ciliated"
"AKR1C3...429",5.41219808281547e-22,1.11394463700034,0.369,0.32,1.28691246013186e-17,"Ciliated"
"HPGD...430",2.46184695677806e-21,1.52963740538786,0.17,0.111,5.85377969382688e-17,"Ciliated"
"PTGS2...431",7.47699916891143e-21,-2.02935996366543,0.014,0.045,1.77788086238376e-16,"Ciliated"
"CYP2U1...432",6.01888295338269e-19,-0.503448931640515,0.05,0.096,1.43116998865534e-14,"Ciliated"
"PLA2G10...433",1.1744355075746e-18,0.90805038569136,0.346,0.303,2.79257274991088e-14,"Ciliated"
"PAFAH2...434",1.77330501737166e-18,-0.645062699018034,0.04,0.081,4.21656467030633e-14,"Ciliated"
"ACAD9...435",7.28968238141271e-16,-0.260309103438139,0.082,0.133,1.73334067665231e-11,"Ciliated"
"PLB1...436",4.23231905178473e-15,-0.515395175001379,0.014,0.039,1.00636082413337e-10,"Ciliated"
"LPCAT3...437",2.59302785580998e-14,-0.294996556597402,0.066,0.109,6.16570163554497e-10,"Ciliated"
"ACOT7...438",4.78723605524084e-10,-0.288942329531991,0.043,0.072,1.13830898921517e-05,"Ciliated"
"GPX2...439",1.21910059030657e-09,0.165970896224421,0.194,0.251,2.89877738363096e-05,"Ciliated"
"CYP2J2...440",5.98621669998929e-09,1.11883293237569,0.151,0.118,0.000142340260692345,"Ciliated"
"ALOX5AP...441",7.95713982494676e-09,-2.13715698844246,0.004,0.014,0.000189204870757584,"Ciliated"
"MGST2...442",2.1192611840328e-08,0.725016119190638,0.439,0.444,0.00050391792433932,"Ciliated"
"CYP4F11...443",2.16256884021897e-08,-0.201673513388842,0.071,0.103,0.000514215618827266,"Ciliated"
"ACOT4...444",2.65506543934532e-08,-0.109625034563545,0.023,0.043,0.00063132146016753,"Ciliated"
"LIPE...445",1.0579991749951e-07,0.162293547225383,0.021,0.039,0.00251571043830336,"Ciliated"
"EPHX2...446",1.80639697078312e-07,0.222917075380096,0.211,0.268,0.00429525071712811,"Ciliated"
"MGST3...447",2.01762945832802e-07,0.313872736998754,0.644,0.707,0.00479751932601236,"Ciliated"
"CYP2B6...448",1.19972330005678e-05,0.721134137054554,0.131,0.106,0.2852702062875,"Ciliated"
"PTGER1...449",6.66398752622946e-05,-0.534848027436874,0.012,0.023,1,"Ciliated"
"FADS1...450",0.000288524648072285,-0.103867746050581,0.034,0.049,1,"Ciliated"
"LPCAT2...451",0.000303415884567862,0.414732099723034,0.027,0.04,1,"Ciliated"
"PLA2G6...452",0.000383453571576802,0.4265489487705,0.039,0.054,1,"Ciliated"
"PTGES...453",0.000429031624959916,1.27253626373421,0.033,0.022,1,"Ciliated"
"ACAT1...454",0.000436555768365001,0.204845424202339,0.304,0.36,1,"Ciliated"
"LIPA...455",0.000488427892203649,0.290572945632889,0.153,0.186,1,"Ciliated"
"ACOT2...456",0.000770089506548435,1.15610260078028,0.067,0.052,1,"Ciliated"
"LTB4R...457",0.00084660286075055,0.923135924406032,0.062,0.081,1,"Ciliated"
"GGT7...458",0.00507007548471611,0.490176402812926,0.172,0.203,1,"Ciliated"
"CYP2C8",0.00527741473690538,-0.627274013259976,0.005,0.01,1,"Ciliated"
"PLA2G1B...460",0.0150298686964481,0.291611014462402,0.008,0.013,1,"Ciliated"
"LTC4S...461",0.0246000232448693,0.72459494214186,0.119,0.109,1,"Ciliated"
"ABCC4...462",0.0313150907424841,1.2605949372764,0.048,0.04,1,"Ciliated"
"AKR1B1...463",0.0339190546977939,0.272453880823956,0.157,0.179,1,"Ciliated"
"PNPLA2...464",0.0512569125646059,0.335126401072827,0.145,0.164,1,"Ciliated"
"LTB4R2...465",0.05822076904486,0.263333397824462,0.071,0.083,1,"Ciliated"
"PTGER4...466",0.0693075395469981,0.745273004250244,0.056,0.048,1,"Ciliated"
"CYP2C18...467",0.103900536850714,0.549389439065632,0.011,0.014,1,"Ciliated"
"CBR3...468",0.128806922326744,0.740794614257269,0.14,0.135,1,"Ciliated"
"PTGES2...469",0.134746231512263,0.830268908573918,0.18,0.178,1,"Ciliated"
"LCAT...470",0.142459311560652,1.16708661995683,0.007,0.01,1,"Ciliated"
"CBR1...471",0.148660041513052,0.153824828719035,0.487,0.565,1,"Ciliated"
"CYP4F3...472",0.344073856790523,1.22955134484018,0.038,0.034,1,"Ciliated"
"GPX7...473",0.394983585227862,0.780753922144103,0.067,0.073,1,"Ciliated"
"ACOT11...474",0.591851117267853,0.652779239385892,0.125,0.132,1,"Ciliated"
"AGPAT2...475",0.598807639819093,0.436865116512646,0.299,0.318,1,"Ciliated"
"LPCAT1...476",0.644956862548324,0.557227128439578,0.019,0.02,1,"Ciliated"
"ACOT13...477",0.653205913802859,0.455027989485936,0.332,0.359,1,"Ciliated"
"PTGR1...478",0.797410433891094,0.325395208933193,0.386,0.422,1,"Ciliated"
"GPX3...479",0.931448291229699,0.429973733999181,0.133,0.135,1,"Ciliated"
"AKR1C3...480",1.53887150159396e-35,1.676447620604,0.691,0.452,3.65912865649011e-31,"Early Ciliated"
"ELOVL5...481",9.53420732998579e-22,-1.10191653533344,0.357,0.606,2.26704381892402e-17,"Early Ciliated"
"PTGFR...482",1.38869689584896e-20,2.99366549111512,0.227,0.034,3.30204347894965e-16,"Early Ciliated"
"ALOX15...483",1.78231906404221e-19,-1.58451331866252,0.799,0.89,4.23799827047956e-15,"Early Ciliated"
"CYP2J2...484",7.78931701416493e-15,1.76736661184982,0.394,0.213,1.85214379962814e-10,"Early Ciliated"
"HPGD...485",2.74535413525585e-14,1.00402221192623,0.497,0.315,6.52790306281136e-10,"Early Ciliated"
"MAPKAPK2...486",2.20884289201568e-12,-0.898337203073635,0.157,0.331,5.25218662863487e-08,"Early Ciliated"
"AGPAT2...487",3.67508634490452e-12,0.588347396963878,0.713,0.584,8.73862031091397e-08,"Early Ciliated"
"LPCAT1...488",1.20685829216109e-10,-1.55909110586853,0.032,0.133,2.86966764710064e-06,"Early Ciliated"
"MGST2...489",4.48516810589149e-10,0.547586472025667,0.794,0.769,1.06648327221888e-05,"Early Ciliated"
"ABCC1...490",4.85516365954685e-10,-1.04880724612725,0.07,0.191,1.15446081496705e-05,"Early Ciliated"
"CYSLTR1...491",2.59753217394813e-09,-1.8480301332366,0.028,0.112,6.17641200321386e-05,"Early Ciliated"
"MGST3...492",1.440728835637e-08,0.333621209069475,0.777,0.719,0.000342576502537767,"Early Ciliated"
"ACSL3...493",1.59855161608722e-08,-0.354292668356981,0.708,0.809,0.00038010360327322,"Early Ciliated"
"SOAT1...494",9.64667341218723e-08,-0.607320907505957,0.227,0.369,0.00229378600394988,"Early Ciliated"
"AGPAT4...495",1.04749565833554e-07,-2.0653292686413,0.025,0.096,0.00249073517639024,"Early Ciliated"
"PTGS2...496",2.76662258416495e-06,-1.85855639024574,0.025,0.084,0.0657847518062742,"Early Ciliated"
"PAFAH2...497",1.3855847241354e-05,-0.799112824407006,0.131,0.227,0.329464335704916,"Early Ciliated"
"GPX3...498",1.65896699311921e-05,1.47502474486009,0.13,0.054,0.394469171623886,"Early Ciliated"
"GPX2...499",5.90731880722893e-05,-0.4465969493043,0.297,0.41,1,"Early Ciliated"
"GPX1...500",6.97321955340891e-05,-0.301011430539265,0.707,0.88,1,"Early Ciliated"
"ABCC4...501",0.000151175733411511,1.12896171317776,0.15,0.078,1,"Early Ciliated"
"LTC4S...502",0.000295661439377552,0.794990764217155,0.118,0.056,1,"Early Ciliated"
"MBOAT7...503",0.000453965299417358,-0.373690549332906,0.294,0.394,1,"Early Ciliated"
"PLA2G10...504",0.000909758168737956,0.912367014791041,0.292,0.219,1,"Early Ciliated"
"CBR1...505",0.00147957000942475,-0.288564198322771,0.583,0.665,1,"Early Ciliated"
"ACAD9...506",0.00206820130440802,-0.337849548387565,0.296,0.38,1,"Early Ciliated"
"CYP1B1...507",0.00436804783462911,-1.49934810978669,0.001,0.016,1,"Early Ciliated"
"PLA2G4A...508",0.00599804527217159,-0.731012570117868,0.055,0.096,1,"Early Ciliated"
"PTGR1...509",0.00611126884302714,0.492817208534097,0.468,0.42,1,"Early Ciliated"
"ALOX5AP...510",0.0071664308801037,-1.97861518585105,0.006,0.024,1,"Early Ciliated"
"LIPG...511",0.00858661837014314,-2.53005543726902,0,0.01,1,"Early Ciliated"
"LIPE...512",0.0105452967325769,-0.56925417050612,0.061,0.1,1,"Early Ciliated"
"GGT7...513",0.0114113033530442,0.642471065205328,0.296,0.241,1,"Early Ciliated"
"LIPA...514",0.019413368106026,0.654775217043722,0.329,0.285,1,"Early Ciliated"
"ACSL5...515",0.0214560817609929,0.197849603080656,0.166,0.223,1,"Early Ciliated"
"ACSL1...516",0.0247135789194639,-0.738817393069236,0.082,0.122,1,"Early Ciliated"
"OXGR1...517",0.0307633878062864,1.73147979618206,0.025,0.008,1,"Early Ciliated"
"PTGES...518",0.0370461981387623,0.82536847697814,0.114,0.078,1,"Early Ciliated"
"GGT1...519",0.0593622619767176,1.94248195073342,0.012,0.002,1,"Early Ciliated"
"PTGER4...520",0.0616011228904436,-0.213254034764128,0.115,0.153,1,"Early Ciliated"
"PTGER1...521",0.0622975803011293,-1.4206863140322,0.012,0.026,1,"Early Ciliated"
"PLB1...522",0.0683401993843784,-0.435318337225237,0.015,0.03,1,"Early Ciliated"
"PTGES2...523",0.0772125920617972,0.466058695434311,0.395,0.359,1,"Early Ciliated"
"ACSL4...524",0.10649199495968,-0.157230747562243,0.252,0.307,1,"Early Ciliated"
"CBR3...525",0.129587646632077,0.395551427872519,0.121,0.094,1,"Early Ciliated"
"AKR1B1...526",0.133157240670978,0.547282601114887,0.2,0.169,1,"Early Ciliated"
"FADS1...527",0.142558708426734,-0.196640684736342,0.067,0.09,1,"Early Ciliated"
"TBXAS1...528",0.152078655290526,-1.01107243720287,0.007,0.016,1,"Early Ciliated"
"PLA2G1B...529",0.15372275383067,-0.86363362061519,0.007,0.016,1,"Early Ciliated"
"AGPAT5...530",0.157110591756432,-0.14152602665847,0.278,0.319,1,"Early Ciliated"
"LTB4R2...531",0.165316772556606,0.327970384891118,0.121,0.094,1,"Early Ciliated"
"CYP2B6...532",0.225897069085147,0.355054295345853,0.283,0.263,1,"Early Ciliated"
"PLA2G4F...533",0.227495720156895,0.696642775058327,0.01,0.004,1,"Early Ciliated"
"ACOT7...534",0.27905233439025,0.380497803539183,0.227,0.203,1,"Early Ciliated"
"ACOT8...535",0.284892972826637,0.6186917639308,0.219,0.199,1,"Early Ciliated"
"GGT6...536",0.326019914004761,-0.231135436767466,0.238,0.267,1,"Early Ciliated"
"PNPLA2...537",0.332741844278445,0.155422420689632,0.34,0.382,1,"Early Ciliated"
"CYP4F3...538",0.356176448979045,1.06209517257214,0.15,0.135,1,"Early Ciliated"
"ACOT11...539",0.372214433920142,0.531675930538968,0.146,0.129,1,"Early Ciliated"
"CYP2C18...540",0.385084388282059,-0.846594911639177,0.05,0.038,1,"Early Ciliated"
"PLA2G3...541",0.385124095362292,-1.3893054123296,0.009,0.014,1,"Early Ciliated"
"PLA2G6...542",0.395294195730581,0.761568805290602,0.079,0.066,1,"Early Ciliated"
"CYP2D6",0.458126203336256,0.170554933595236,0.016,0.022,1,"Early Ciliated"
"ACOT4...544",0.632931937223493,0.780481142698237,0.063,0.056,1,"Early Ciliated"
"CYP2U1...545",0.650040345414958,0.222297246228088,0.067,0.06,1,"Early Ciliated"
"GPX7...546",0.661272060152448,0.314289973733699,0.118,0.11,1,"Early Ciliated"
"LPCAT3...547",0.663775516774652,0.151809278510611,0.184,0.201,1,"Early Ciliated"
"LPCAT2...548",0.682142605055601,0.181497464068232,0.06,0.066,1,"Early Ciliated"
"ALOX5...549",0.704773558129983,0.199078731643084,0.026,0.03,1,"Early Ciliated"
"FADS2...550",0.707342221632174,0.207373118147235,0.087,0.094,1,"Early Ciliated"
"PLA2G16...551",0.791772818446232,0.104267378628931,0.509,0.554,1,"Early Ciliated"
"CYP4F11...552",0.827342450330526,0.210163720625928,0.087,0.084,1,"Early Ciliated"
"ALOX15B...553",0.835576115075972,-0.173756225339815,0.015,0.016,1,"Early Ciliated"
"HPGDS",0.862525048395804,-1.42589511128371,0.017,0.016,1,"Early Ciliated"
"PTGER2...555",0.936491700501689,-0.55722632372225,0.05,0.05,1,"Early Ciliated"
"LTB4R...556",0.939744115092172,0.411977639432362,0.114,0.112,1,"Early Ciliated"
"PLA2G12A...557",0.976503960015209,0.13927985311233,0.466,0.496,1,"Early Ciliated"
"ALOX15...558",0,-3.94057559469122,0.357,0.824,0,"Goblet Scretory"
"PTGFR...559",5.02115954685283e-177,2.64216631066846,0.441,0.168,1.19393131705067e-172,"Goblet Scretory"
"ELOVL5...560",6.98018348173996e-154,-1.24354329598931,0.291,0.619,1.65974802828813e-149,"Goblet Scretory"
"AGPAT2...561",3.03446996400171e-100,1.8334940611653,0.408,0.216,7.21536268040326e-96,"Goblet Scretory"
"CYP2J2...562",7.1853840121191e-77,1.7029051096094,0.448,0.304,1.70854061040168e-72,"Goblet Scretory"
"ACSL3...563",1.39817874861758e-76,-0.561688875417122,0.442,0.699,3.32458942846289e-72,"Goblet Scretory"
"PLA2G10...564",5.81014719228293e-65,1.62447701589298,0.442,0.319,1.38153679938103e-60,"Goblet Scretory"
"PTGS2...565",1.81612774719821e-56,-2.537865141204,0.031,0.149,4.31838855728791e-52,"Goblet Scretory"
"ABCC1...566",2.43633921618746e-56,-1.06738546522992,0.031,0.15,5.79312738825055e-52,"Goblet Scretory"
"GPX2...567",6.51923792382985e-55,-1.20860876170803,0.073,0.216,1.55014439352826e-50,"Goblet Scretory"
"PLA2G4A...568",4.63074291953304e-53,-1.2168341822826,0.061,0.195,1.10109805140657e-48,"Goblet Scretory"
"MGST3...569",6.2095274762462e-51,0.983456722025306,0.587,0.554,1.47650144330182e-46,"Goblet Scretory"
"MAPKAPK2...570",1.07370527147205e-50,-0.642159111561105,0.118,0.283,2.55305639450625e-46,"Goblet Scretory"
"SOAT1...571",1.18381033302201e-45,-0.354866121612822,0.088,0.229,2.81486420985975e-41,"Goblet Scretory"
"SLC27A2...572",8.11554202171906e-41,-0.366048390695789,0.38,0.598,1.92971358192436e-36,"Goblet Scretory"
"AKR1C3...573",2.46311975310536e-37,1.42991060044357,0.374,0.285,5.85680614893393e-33,"Goblet Scretory"
"PLA2G12A...574",6.76405976827316e-34,-0.158431332537057,0.148,0.294,1.60835813169999e-29,"Goblet Scretory"
"GPX1...575",2.72817162465957e-33,-0.135180253867552,0.448,0.737,6.48704648911552e-29,"Goblet Scretory"
"MBOAT7...576",2.62324885126895e-23,-0.333554534239042,0.078,0.166,6.2375611185473e-19,"Goblet Scretory"
"CYSLTR1...577",3.39352861856113e-21,-0.736709263444848,0.037,0.099,8.06913234921464e-17,"Goblet Scretory"
"LIPE...578",4.09554457579394e-21,-0.742105397208403,0.027,0.083,9.73838589232283e-17,"Goblet Scretory"
"LPCAT3...579",7.32046686256612e-21,-0.380116536658467,0.068,0.145,1.74066061058097e-16,"Goblet Scretory"
"PAFAH2...580",5.69109684783119e-19,-0.537895784445448,0.051,0.116,1.3532290084773e-14,"Goblet Scretory"
"LPCAT1...581",1.10420894797965e-17,-0.830666257913207,0.023,0.071,2.625588036506e-13,"Goblet Scretory"
"ACAD9...582",1.47246359092546e-12,-0.107373000818575,0.078,0.138,3.50122392650255e-08,"Goblet Scretory"
"LIPG...583",2.75720029679383e-11,-5.88630766233047,0,0.016,6.55607086571636e-07,"Goblet Scretory"
"AGPAT5...584",2.44085726848608e-10,-0.478816387098646,0.021,0.051,5.8038704130062e-06,"Goblet Scretory"
"ALOX15B...585",1.1707583744578e-09,-1.18821948909286,0.008,0.029,2.78382926278577e-05,"Goblet Scretory"
"LTC4S...586",5.43793620322324e-09,1.73935012595365,0.092,0.058,0.000129303247040242,"Goblet Scretory"
"ACOT7...587",1.0185466374464e-08,-0.273504735289011,0.028,0.058,0.000242190019452005,"Goblet Scretory"
"FADS2...588",7.11406654303924e-07,-1.34492176153217,0.006,0.021,0.0169158274260387,"Goblet Scretory"
"CYP2C18...589",1.02934052136474e-06,0.428279246821345,0.048,0.08,0.0244756589170107,"Goblet Scretory"
"ACSL1...590",1.22432906713398e-06,-0.184122077526657,0.035,0.062,0.0291120965583118,"Goblet Scretory"
"GPX3...591",1.37452834631795e-06,1.93083055506589,0.054,0.031,0.0326835350187483,"Goblet Scretory"
"GPX6...592",1.65979220793787e-06,-0.602781348083452,0.011,0.028,0.0394665391203467,"Goblet Scretory"
"ABCC4...593",2.64193648613413e-06,1.36893403887518,0.084,0.057,0.0628199657672972,"Goblet Scretory"
"PTGER2...594",3.1864755897291e-06,-1.05731978935137,0.005,0.017,0.0757680165725785,"Goblet Scretory"
"GGT6...595",4.6364974947737e-06,0.15044553277323,0.194,0.263,0.110246637430729,"Goblet Scretory"
"PTGES...596",6.08283016034306e-06,0.238941413012986,0.066,0.101,0.144637535552637,"Goblet Scretory"
"PLB1...597",6.27557409437817e-06,-0.11087527276097,0.013,0.03,0.149220600816124,"Goblet Scretory"
"PLA2G16...598",5.72766735634924e-05,0.881339421617642,0.218,0.198,1,"Goblet Scretory"
"PTGES2...599",7.16913832625107e-05,0.37024122359339,0.191,0.254,1,"Goblet Scretory"
"CYP1B1...600",8.3871645362725e-05,-0.727028263809965,0.007,0.018,1,"Goblet Scretory"
"CBR3...601",8.98763833459295e-05,1.59072245510926,0.045,0.028,1,"Goblet Scretory"
"GPX4...602",0.000122491959709736,-0.147646198867067,0.763,0.836,1,"Goblet Scretory"
"LPCAT2...603",0.00320654286415335,-0.144617305868522,0.017,0.028,1,"Goblet Scretory"
"PTGER4...604",0.00526246957239888,0.246195463758551,0.106,0.134,1,"Goblet Scretory"
"MGST2...605",0.00929415047142078,0.517848685535146,0.486,0.567,1,"Goblet Scretory"
"PTGR1...606",0.015605739000012,0.380491865978436,0.301,0.381,1,"Goblet Scretory"
"ACOT13...607",0.03799937267054,0.435095770880685,0.284,0.354,1,"Goblet Scretory"
"LIPA...608",0.0804129401644842,0.521240289880092,0.169,0.201,1,"Goblet Scretory"
"ACOT11...609",0.0936294087784783,1.14559468508609,0.071,0.063,1,"Goblet Scretory"
"PLA2G3...610",0.0992895366335794,0.250455154795202,0.006,0.01,1,"Goblet Scretory"
"HPGD...611",0.104553474295318,0.269960986314746,0.308,0.368,1,"Goblet Scretory"
"ACOT2...612",0.1483799032964,1.05003551159797,0.054,0.048,1,"Goblet Scretory"
"GGT7...613",0.151328685078705,0.777590712513219,0.25,0.265,1,"Goblet Scretory"
"LCAT...614",0.153832892333185,0.958545110358425,0.007,0.011,1,"Goblet Scretory"
"CYP2U1...615",0.301517711326033,0.937733589800238,0.02,0.024,1,"Goblet Scretory"
"CYP4F3...616",0.34203273071253,1.09655555505653,0.069,0.065,1,"Goblet Scretory"
"ACAT1...617",0.424224575943915,0.766459270756199,0.13,0.147,1,"Goblet Scretory"
"CYP4F11...618",0.452836153186569,0.48675372849806,0.032,0.035,1,"Goblet Scretory"
"AKR1B1...619",0.684177408354648,0.589170590984965,0.047,0.046,1,"Goblet Scretory"
"EPHX2...620",0.684595065480598,0.572301164736265,0.135,0.148,1,"Goblet Scretory"
"PLA2G6...621",0.693514205806767,1.2888832203744,0.025,0.027,1,"Goblet Scretory"
"LTB4R...622",0.710165086423594,0.964202449714947,0.038,0.037,1,"Goblet Scretory"
"FAM213B...623",0.763635738052066,0.796528559872119,0.092,0.094,1,"Goblet Scretory"
